Image,Name,Department,Address
https://members-api.parliament.uk/api/Members/172/Thumbnail,Ms Diane Abbott,Labour,Hackney North and Stoke Newington
https://members-api.parliament.uk/api/Members/5131/Thumbnail,Jack Abbott,Labour (Co-op),Ipswich
https://members-api.parliament.uk/api/Members/4212/Thumbnail,Debbie Abrahams,Labour,Oldham East and Saddleworth
https://members-api.parliament.uk/api/Members/5120/Thumbnail,Shockat Adam,Independent,Leicester South
https://members-api.parliament.uk/api/Members/5213/Thumbnail,Dr Zubir Ahmed,Labour,Glasgow South West
https://members-api.parliament.uk/api/Members/5112/Thumbnail,Luke Akehurst,Labour,North Durham
https://members-api.parliament.uk/api/Members/5097/Thumbnail,Mr Bayo Alaba,Labour,Southend East and Rochford
https://members-api.parliament.uk/api/Members/5172/Thumbnail,Dan Aldridge,Labour,Weston-super-Mare
https://members-api.parliament.uk/api/Members/632/Thumbnail,Mr Douglas Alexander,Labour (Co-op),Lothian East
https://members-api.parliament.uk/api/Members/4038/Thumbnail,Heidi Alexander,Labour,Swindon South
https://members-api.parliament.uk/api/Members/5312/Thumbnail,Sadik Al-Hassan,Labour,North Somerset
https://members-api.parliament.uk/api/Members/4138/Thumbnail,Rushanara Ali,Labour,Bethnal Green and Stepney
https://members-api.parliament.uk/api/Members/4747/Thumbnail,Tahir Ali,Labour,Birmingham Hall Green and Moseley
https://members-api.parliament.uk/api/Members/4573/Thumbnail,Dr Rosena Allin-Khan,Labour,Tooting
https://members-api.parliament.uk/api/Members/5356/Thumbnail,Jim Allister,Traditional Unionist Voice,North Antrim
https://members-api.parliament.uk/api/Members/4667/Thumbnail,Mike Amesbury,Labour,Runcorn and Helsby
https://members-api.parliament.uk/api/Members/5250/Thumbnail,Mr Gideon Amos,Liberal Democrat,Taunton and Wellington
https://members-api.parliament.uk/api/Members/5193/Thumbnail,Callum Anderson,Labour,Buckingham and Bletchley
https://members-api.parliament.uk/api/Members/4788/Thumbnail,Fleur Anderson,Labour,Putney
https://members-api.parliament.uk/api/Members/4743/Thumbnail,Lee Anderson,Reform UK,Ashfield
